{"loss": 0.31352996826171875, "accuracy": 0.8834999799728394}