{"loss": 0.3342880606651306, "accuracy": 0.8804000020027161}