{"loss": 0.34190505743026733, "accuracy": 0.8722000122070312}