{"loss": 0.31863003969192505, "accuracy": 0.8880000114440918}