epoch,loss,accuracy
1,0.5321652889251709,0.8111500144004822
2,0.3832118511199951,0.8618000149726868
