epoch,loss,accuracy
1,0.5986236333847046,0.7931666374206543
2,0.39694222807884216,0.8616499900817871
