epoch,loss,accuracy
1,0.6114641427993774,0.7902666926383972
2,0.40163668990135193,0.8601833581924438
