epoch,loss,accuracy
1,0.5527535676956177,0.8038666844367981
2,0.35758766531944275,0.8743833303451538
