step	accuracy
0	0.7931666374206543
1	0.8616499900817871
