step	accuracy
0	0.7902666926383972
1	0.8601833581924438
