step	accuracy
0	0.8038666844367981
1	0.8743833303451538
