step	accuracy
0	0.8111500144004822
1	0.8618000149726868
